{
   "movies" : [
      {
         "id" : 11001, 
         "title" : "The Matrix", 
         "year" : 1999, 
         "length" : 196, 
         "cast" : [
            {"star":"Keanu Reeves", "name":"Neo"},
            {"star":"Laurence Fishburne", "name":"Morpheus"},
            {"star":"Carrie-Anne Moss", "name":"Trinity"},
            {"star":"Hugo Weaving", "name":"Agent Smith"}
         ],
         "directors" : ["Lana Wachowski", "Lilly Wachowski"],
         "writers" : ["Lana Wachowski", "Lilly Wachowski"]
      },
      {
         "id" : 9871, 
         "title" : "Forrest Gump", 
         "year" : 1994, 
         "length" : 202, 
         "cast" : [
            {"star":"Tom Hanks", "name":"Forrest Gump"},
            {"star":"Sally Field", "name":"Mrs. Gump"},
            {"star":"Robin Wright", "name":"Jenny Curran"},
            {"star":"Mykelti Williamson", "name":"Bubba Blue"}
         ],
         "directors" : ["Robert Zemeckis"],
         "writers" : ["Winston Groom", "Eric Roth"]
      }
   ]
}